NumOfGuassians,train_Accuracy,test_Accuracy,validation_Accuracy
1,0.234065799,0.235792121,0.234786893
2,0.26326914,0.257418273,0.258520161
3,0.282067515,0.272003353,0.27141332
4,0.284752997,0.272757754,0.272891517
