Feature,train Accuracy,test Accuracy,validation Accuracy
Audio,0.690373167,0.680874918,0.682580763
Video,0.848229031,0.840243767,0.839997123
